Hcik9!_o2T;Adamixos#3121;Photoshop course;874;2021-11-03
N41z-Dgcz-;Inf#0254;Monster Energy Drink;50;2021-11-29
TiA9s!8n-c;dalmacsernok#7008;Chocolate;21;2021-10-08
39GxpGy-q-;dienesviktor#1143;Cheap tech workbook;20;2021-12-01
!dS7re9Tf!;bfiics#6414;GYM pass;500;2021-12-13
8kKii!-P9u;SpellVamp#6753;LOL Premium Subscription;23;2021-11-24
f_C!90fPfc;KaszaZsolt#0292;Beard care set;456;2021-10-18
Oz!Bp0+xq8;illes19#6961;Chocolate;874;2021-11-05
!b_Oa5wxJ0;kstofi98#2739;Internet cable;300;2021-12-17
+gL2i_9bxJ;Rausz#6986;Black market tech workbook;875;2021-12-15
k-S5t+7ehK;.RareYellowHermit#7441;Discord NITRO;84;2021-12-06